ignore	0	html	None	[]	[]
ignore	1	head	html	[]	[]
ignore	2	title	head	['KSPSI Minta Pemerintah Buat Turunan Perpres Pekerja Asing']	[]
ignore	3	noscript	head	[]	[]
ignore	4	img	noscript	[]	[]
ignore	5	noscript	head	[]	[]
ignore	6	img	noscript	[]	[]
ignore	7	body	html	[]	[]
ignore	8	noscript	body	[]	[]
ignore	9	div	body	[]	[]
ignore	10	div	div	[]	[]
ignore	11	div	div	[]	[]
ignore	12	div	div	[]	[]
ignore	13	div	div	[]	[]
ignore	14	header	body	[]	[]
ignore	15	div	header	[]	[]
ignore	16	div	div	[]	[]
ignore	17	div	div	[]	[]
ignore	18	center	div	[]	[]
ignore	19	div	center	[]	[]
ignore	20	div	header	[]	[]
ignore	21	div	div	[]	[]
ignore	22	a	div	[]	[]
ignore	23	img	a	[]	[]
ignore	24	div	div	[]	[]
ignore	25	div	div	[]	[]
ignore	26	a	div	[]	[]
ignore	27	span	a	[]	[]
ignore	28	img	span	[]	[]
ignore	29	div	div	[]	[]
ignore	30	div	div	[]	[]
ignore	31	div	div	['CNN ID']	[]
ignore	32	a	div	['Daftar']	[]
ignore	33	a	div	['Masuk']	[]
ignore	34	div	div	[]	[]
ignore	35	a	div	[]	[]
ignore	36	i	a	[]	[]
ignore	37	form	div	[]	[]
ignore	38	input	form	[]	[]
ignore	39	button	form	[]	[]
ignore	40	i	button	[]	[]
ignore	41	a	form	[]	[]
ignore	42	i	a	[]	[]
ignore	43	div	div	[]	[]
ignore	44	a	div	['LAINNYA ']	[]
ignore	45	span	a	[]	[]
ignore	46	div	div	[]	[]
ignore	47	div	div	[]	[]
ignore	48	div	div	[]	[]
ignore	49	div	div	['CNN STUDENT']	[]
ignore	50	a	div	['Keluarga']	[]
ignore	51	a	div	['Edukasi']	[]
ignore	52	a	div	['Inspirasi']	[]
ignore	53	a	div	['Student Star']	[]
ignore	54	div	div	[]	[]
ignore	55	div	div	['KANAL']	[]
ignore	56	a	div	['Foto']	[]
ignore	57	a	div	['Video']	[]
ignore	58	a	div	['Infografis']	[]
ignore	59	a	div	['Fokus']	[]
ignore	60	a	div	['Kolom']	[]
ignore	61	a	div	['Indeks']	[]
ignore	62	ul	div	[]	[]
ignore	63	li	ul	[]	[]
ignore	64	a	li	['Home']	[]
ignore	65	li	ul	[]	[]
ignore	66	a	li	['Nasional']	[]
ignore	67	div	li	[]	[]
ignore	68	div	div	[]	[]
ignore	69	div	div	[]	[]
ignore	70	div	div	[]	[]
ignore	71	div	div	[]	[]
ignore	72	a	div	['Politik']	[]
ignore	73	a	div	['Hukum & Kriminal']	[]
ignore	74	a	div	['Peristiwa']	[]
ignore	75	div	div	[]	[]
ignore	76	div	div	[]	[]
ignore	77	div	div	['BERITA TERBARU']	[]
ignore	78	div	div	[]	[]
ignore	79	article	div	[]	[]
ignore	80	a	article	[]	[]
ignore	81	span	a	[]	[]
ignore	82	span	span	[]	[]
ignore	83	img	span	[]	[]
ignore	84	h2	a	['Polri Jamin Alquran Tidak Jadi Barang Bukti Kasus Terorisme']	[]
ignore	85	article	div	[]	[]
ignore	86	a	article	[]	[]
ignore	87	span	a	[]	[]
ignore	88	span	span	[]	[]
ignore	89	img	span	[]	[]
ignore	90	h2	a	['DPR Yakin RUU Terorisme Selesai Pekan Depan']	[]
ignore	91	article	div	[]	[]
ignore	92	a	article	[]	[]
ignore	93	span	a	[]	[]
ignore	94	span	span	[]	[]
ignore	95	img	span	[]	[]
ignore	96	h2	a	['Memperkirakan Nasib JAD Bila Aman Abdurrahman Divonis Mati']	[]
ignore	97	div	div	[]	[]
ignore	98	div	div	[]	[]
ignore	99	div	div	[]	[]
ignore	100	li	ul	[]	[]
ignore	101	a	li	['Internasional']	[]
ignore	102	div	li	[]	[]
ignore	103	div	div	[]	[]
ignore	104	div	div	[]	[]
ignore	105	div	div	[]	[]
ignore	106	div	div	[]	[]
ignore	107	a	div	['Asean']	[]
ignore	108	a	div	['Asia Pasifik']	[]
ignore	109	a	div	['Timur Tengah']	[]
ignore	110	a	div	['Afrika']	[]
ignore	111	a	div	['Eropa Amerika']	[]
ignore	112	div	div	[]	[]
ignore	113	div	div	[]	[]
ignore	114	div	div	['BERITA TERBARU']	[]
ignore	115	div	div	[]	[]
ignore	116	article	div	[]	[]
ignore	117	a	article	[]	[]
ignore	118	span	a	[]	[]
ignore	119	span	span	[]	[]
ignore	120	img	span	[]	[]
ignore	121	h2	a	['Titian Muhibah Anwar Ibrahim dan Habibie']	[]
ignore	122	article	div	[]	[]
ignore	123	a	article	[]	[]
ignore	124	span	a	[]	[]
ignore	125	span	span	[]	[]
ignore	126	img	span	[]	[]
ignore	127	h2	a	['Anwar Ibrahim Akan Bertemu Habibie di Jakarta Besok']	[]
ignore	128	article	div	[]	[]
ignore	129	a	article	[]	[]
ignore	130	span	a	[]	[]
ignore	131	span	span	[]	[]
ignore	132	img	span	[]	[]
ignore	133	h2	a	['VIDEO: Tiga Orang Selamat dalam Kecelakaan Pesawat Kuba']	[]
ignore	134	div	div	[]	[]
ignore	135	div	div	[]	[]
ignore	136	div	div	[]	[]
ignore	137	li	ul	[]	[]
ignore	138	a	li	['Ekonomi']	[]
ignore	139	div	li	[]	[]
ignore	140	div	div	[]	[]
ignore	141	div	div	[]	[]
ignore	142	div	div	[]	[]
ignore	143	div	div	[]	[]
ignore	144	a	div	['Keuangan']	[]
ignore	145	a	div	['Energi']	[]
ignore	146	a	div	['Bisnis']	[]
ignore	147	div	div	[]	[]
ignore	148	div	div	[]	[]
ignore	149	div	div	['BERITA TERBARU']	[]
ignore	150	div	div	[]	[]
ignore	151	article	div	[]	[]
ignore	152	a	article	[]	[]
ignore	153	span	a	[]	[]
ignore	154	span	span	[]	[]
ignore	155	img	span	[]	[]
ignore	156	h2	a	['OJK: Kelesuan Rupiah Bisa Bikin Kredit Macet Bertambah']	[]
ignore	157	article	div	[]	[]
ignore	158	a	article	[]	[]
ignore	159	span	a	[]	[]
ignore	160	span	span	[]	[]
ignore	161	img	span	[]	[]
ignore	162	h2	a	"[""Mengerem Hawa Nafsu Jajan Agar Tak 'Boncos' di Bulan Suci""]"	[]
ignore	163	article	div	[]	[]
ignore	164	a	article	[]	[]
ignore	165	span	a	[]	[]
ignore	166	span	span	[]	[]
ignore	167	img	span	[]	[]
ignore	168	h2	a	['Mudik Jakarta-Surabaya via Tol, Siapkan Rp344 Ribu di e-Toll']	[]
ignore	169	div	div	[]	[]
ignore	170	div	div	[]	[]
ignore	171	div	div	[]	[]
ignore	172	li	ul	[]	[]
ignore	173	a	li	['Olahraga']	[]
ignore	174	div	li	[]	[]
ignore	175	div	div	[]	[]
ignore	176	div	div	[]	[]
ignore	177	div	div	[]	[]
ignore	178	div	div	[]	[]
ignore	179	a	div	['Sepakbola']	[]
ignore	180	a	div	['Golf']	[]
ignore	181	a	div	['Moto GP']	[]
ignore	182	a	div	['F1']	[]
ignore	183	a	div	['Raket']	[]
ignore	184	div	div	[]	[]
ignore	185	div	div	[]	[]
ignore	186	div	div	['BERITA TERBARU']	[]
ignore	187	div	div	[]	[]
ignore	188	article	div	[]	[]
ignore	189	a	article	[]	[]
ignore	190	span	a	[]	[]
ignore	191	span	span	[]	[]
ignore	192	img	span	[]	[]
ignore	193	h2	a	['Zarco Pecahkan Rekor Kualifikasi MotoGP Prancis 2018']	[]
ignore	194	article	div	[]	[]
ignore	195	a	article	[]	[]
ignore	196	span	a	[]	[]
ignore	197	span	span	[]	[]
ignore	198	img	span	[]	[]
ignore	199	h2	a	['Mohamad Ahsan Enggan Paksakan Puasa jika Kondisi Darurat']	[]
ignore	200	article	div	[]	[]
ignore	201	a	article	[]	[]
ignore	202	span	a	[]	[]
ignore	203	span	span	[]	[]
ignore	204	img	span	[]	[]
ignore	205	h2	a	['Zarco Rebut Pole MotoGP Prancis, Rossi Start Sembilan']	[]
ignore	206	div	div	[]	[]
ignore	207	div	div	[]	[]
ignore	208	div	div	[]	[]
ignore	209	li	ul	[]	[]
ignore	210	a	li	['Teknologi']	[]
ignore	211	div	li	[]	[]
ignore	212	div	div	[]	[]
ignore	213	div	div	[]	[]
ignore	214	div	div	[]	[]
ignore	215	div	div	[]	[]
ignore	216	a	div	['Teknologi Informasi']	[]
ignore	217	a	div	['Sains']	[]
ignore	218	a	div	['Telekomunikasi']	[]
ignore	219	a	div	['Otomotif']	[]
ignore	220	div	div	[]	[]
ignore	221	div	div	[]	[]
ignore	222	div	div	['BERITA TERBARU']	[]
ignore	223	div	div	[]	[]
ignore	224	article	div	[]	[]
ignore	225	a	article	[]	[]
ignore	226	span	a	[]	[]
ignore	227	span	span	[]	[]
ignore	228	img	span	[]	[]
ignore	229	h2	a	['Meghan Markle Tumpangi Rolls-Royce Phantom IV ke Gereja']	[]
ignore	230	article	div	[]	[]
ignore	231	a	article	[]	[]
ignore	232	span	a	[]	[]
ignore	233	span	span	[]	[]
ignore	234	img	span	[]	[]
ignore	235	h2	a	['Tagar #RoyalWedding Ramaikan Pernikahan Pangeran Harry-Meghan']	[]
ignore	236	article	div	[]	[]
ignore	237	a	article	[]	[]
ignore	238	span	a	[]	[]
ignore	239	span	span	[]	[]
ignore	240	img	span	[]	[]
ignore	241	h2	a	['Cek Legalitas Sebelum Beli Mobil Bekas']	[]
ignore	242	div	div	[]	[]
ignore	243	div	div	[]	[]
ignore	244	div	div	[]	[]
ignore	245	li	ul	[]	[]
ignore	246	a	li	['Hiburan']	[]
ignore	247	div	li	[]	[]
ignore	248	div	div	[]	[]
ignore	249	div	div	[]	[]
ignore	250	div	div	[]	[]
ignore	251	div	div	[]	[]
ignore	252	a	div	['Film']	[]
ignore	253	a	div	['Musik']	[]
ignore	254	a	div	['Seleb']	[]
ignore	255	a	div	['Seni Budaya']	[]
ignore	256	div	div	[]	[]
ignore	257	div	div	[]	[]
ignore	258	div	div	['BERITA TERBARU']	[]
ignore	259	div	div	[]	[]
ignore	260	article	div	[]	[]
ignore	261	a	article	[]	[]
ignore	262	span	a	[]	[]
ignore	263	span	span	[]	[]
ignore	264	img	span	[]	[]
ignore	265	h2	a	['VIDEO: Langkah Pertama Meghan-Harry Sebagai Suami Istri']	[]
ignore	266	article	div	[]	[]
ignore	267	a	article	[]	[]
ignore	268	span	a	[]	[]
ignore	269	span	span	[]	[]
ignore	270	img	span	[]	[]
ignore	271	h2	a	['FOTO: Prosesi Pangeran Harry-Meghan Markle Jadi Suami Istri']	[]
ignore	272	article	div	[]	[]
ignore	273	a	article	[]	[]
ignore	274	span	a	[]	[]
ignore	275	span	span	[]	[]
ignore	276	img	span	[]	[]
ignore	277	h2	a	['Pangeran Harry dan Meghan Markle Resmi Menikah']	[]
ignore	278	div	div	[]	[]
ignore	279	div	div	[]	[]
ignore	280	div	div	[]	[]
ignore	281	li	ul	[]	[]
ignore	282	a	li	['Gaya Hidup']	[]
ignore	283	div	li	[]	[]
ignore	284	div	div	[]	[]
ignore	285	div	div	[]	[]
ignore	286	div	div	[]	[]
ignore	287	div	div	[]	[]
ignore	288	a	div	['Kesehatan']	[]
ignore	289	a	div	['Kuliner']	[]
ignore	290	a	div	['Wisata']	[]
ignore	291	a	div	['Tren']	[]
ignore	292	div	div	[]	[]
ignore	293	div	div	[]	[]
ignore	294	div	div	['BERITA TERBARU']	[]
ignore	295	div	div	[]	[]
ignore	296	article	div	[]	[]
ignore	297	a	article	[]	[]
ignore	298	span	a	[]	[]
ignore	299	span	span	[]	[]
ignore	300	img	span	[]	[]
ignore	301	h2	a	['Kisah di Balik Gaun Pengantin Meghan Markle']	[]
ignore	302	article	div	[]	[]
ignore	303	a	article	[]	[]
ignore	304	span	a	[]	[]
ignore	305	span	span	[]	[]
ignore	306	img	span	[]	[]
ignore	307	h2	a	['Busana Monokrom Kate Middleton di Pernikahan Harry-Meghan']	[]
ignore	308	article	div	[]	[]
ignore	309	a	article	[]	[]
ignore	310	span	a	[]	[]
ignore	311	span	span	[]	[]
ignore	312	img	span	[]	[]
ignore	313	h2	a	"[""Riasan 'Nude' ala Pernikahan Meghan Markle-Pangeran Harry""]"	[]
ignore	314	div	div	[]	[]
ignore	315	div	div	[]	[]
ignore	316	div	div	[]	[]
ignore	317	a	div	['CNN TV']	[]
ignore	318	div	body	[]	[]
ignore	319	div	div	[]	[]
ignore	320	div	div	[]	[]
ignore	321	div	div	[]	[]
ignore	322	div	div	[]	[]
ignore	323	img	div	[]	[]
ignore	324	section	body	[]	[]
ignore	325	section	body	[]	[]
ignore	326	div	section	[]	[]
ignore	327	div	div	[]	[]
ignore	328	div	div	[]	[]
ignore	329	div	div	[]	[]
ignore	330	div	div	[]	[]
ignore	331	a	div	['Home']	[]
ignore	332	a	div	['Nasional']	[]
ignore	333	a	div	['Berita Peristiwa']	[]
ignore	334	h2	div	[]	[]
ignore	335	h1	div	['\n                    KSPSI Minta Pemerintah Buat Turunan Perpres Pekerja Asing                ']	[]
ignore	336	div	div	[', CNN Indonesia | Selasa, 01/05/2018 05:27 WIB\n                ']	[', CNN Indonesia | Selasa, 01/05/2018 05:27 WIB']
ignore	337	strong	div	['Abi Sarwanto']	[]
ignore	338	div	div	[u'\n    Bagikan : \xa0\n    ']	[]
ignore	339	a	div	[]	[]
ignore	340	i	a	[]	[]
ignore	341	a	div	[]	[]
ignore	342	i	a	[]	[]
ignore	343	a	div	[]	[]
ignore	344	i	a	[]	[]
ignore	345	div	div	[]	[]
ignore	346	img	div	[]	[]
ignore	347	span	div	['Ketua Umum Konfederasi Serikat Pekerja Seluruh Indonesia (KSPSI) Yorrys Raweyai menyikapi Perpres Nomor 20 Tahun 2018 tentang TKA, Senin (30/4). (CNN Indonesia/Abi Sarwanto)']	[]
content	348	span	div	"['\n                    Jakarta, CNN Indonesia -- Konfederasi Serikat Pekerja Seluruh Indonesia (KSPSI) meminta pemerintah segera mengeluarkan peraturan turunan terhadap Peraturan Presiden Nomor 20 Tahun 2018 tentang Penggunaan Tenaga Kerja Asing (TKA).', 'Ketua Umum KSPSI Yorrys Raweyai mengatakan aturan itu untuk menjamin terciptanya suasana kondusif bagi keberlangsungan tenaga kerja lokal.', '""Kami memandang perlunya Peraturan Menteri yang menjadi turunan dari Perpres Nomor 20 Tahun 2018 memberikan kualifikasi yang ketat demi menjamin keberlangsungan kepentingan tenaga kerja lokal sebagai subjek utama pembangunan nasional,"" ujar Yorrys di Jakarta, Senin (30/4).', 'Hal itu, kata Yorrys, untuk memperketat pengawasan terhadap tenaga kerja ilegal dan memudahkan dalam aspek penegakan hukum jika terbukti terjadi pelanggaran terhadap aturan perundang-undangan.', 'Isu penolakan Perpres TKA kata dia, karena sampai saat ini pengawasan terhadap TKA masih lemah. Karena itu, Peraturan Menteri yang menjadi turunan dari Perpres TKA dinilai dapat memberikan kualifikasi yang ketat terhadap TKA dan sekaligus menjamin keberlangsungan kepentingan tenaga kerja lokal. ', '""Kami tinggal meminta pemerintah untuk bisa mengeluarkan Permen melibatkan pekerja dalam rangka pengawasan terkait mengalirnya TKA yang tak sesuai dengan MEA (Masyarakat Ekonomi Asean),"" kata dia.', 'Meski demikian, Yorrys mengatakan pihaknya menilai Perpres TKA justru memperketat izin bagi TKA yang masuk ke Indonesia. Menurutnya, setelah dikaji mendalam, tidak ada hal yang mendesak agar Perpres TKA diprotes.', 'Sebab, kata Yorrys, Perpres TKA membantu mewujudkan iklim investasi yang lebih baik dengan penyederhanaan izin di birokrasi.', '""Kami sangat mendukung karena Perpres ini dalam rangka percepatan investasi, karena saat ini birokrasi berkepanjangan, pengurusan izin investasi bisa berbulan-bulan bahkan sampai tahunan,"" kata Yorrys.']"	"['Ketua Umum KSPSI Yorrys Raweyai mengatakan aturan itu untuk menjamin terciptanya suasana kondusif bagi keberlangsungan tenaga kerja lokal.', '""Kami memandang perlunya Peraturan Menteri yang menjadi turunan dari Perpres Nomor 20 Tahun 2018 memberikan kualifikasi yang ketat demi menjamin keberlangsungan kepentingan tenaga kerja lokal sebagai subjek utama pembangunan nasional,"" ujar Yorrys di Jakarta, Senin (30/4).', 'Hal itu, kata Yorrys, untuk memperketat pengawasan terhadap tenaga kerja ilegal dan memudahkan dalam aspek penegakan hukum jika terbukti terjadi pelanggaran terhadap aturan perundang-undangan.', 'Isu penolakan Perpres TKA kata dia, karena sampai saat ini pengawasan terhadap TKA masih lemah. Karena itu, Peraturan Menteri yang menjadi turunan dari Perpres TKA dinilai dapat memberikan kualifikasi yang ketat terhadap TKA dan sekaligus menjamin keberlangsungan kepentingan tenaga kerja lokal.', '""Kami tinggal meminta pemerintah untuk bisa mengeluarkan Permen melibatkan pekerja dalam rangka pengawasan terkait mengalirnya TKA yang tak sesuai dengan MEA (Masyarakat Ekonomi Asean),"" kata dia.', 'Meski demikian, Yorrys mengatakan pihaknya menilai Perpres TKA justru memperketat izin bagi TKA yang masuk ke Indonesia. Menurutnya, setelah dikaji mendalam, tidak ada hal yang mendesak agar Perpres TKA diprotes.', 'Sebab, kata Yorrys, Perpres TKA membantu mewujudkan iklim investasi yang lebih baik dengan penyederhanaan izin di birokrasi.', '""Kami sangat mendukung karena Perpres ini dalam rangka percepatan investasi, karena saat ini birokrasi berkepanjangan, pengurusan izin investasi bisa berbulan-bulan bahkan sampai tahunan,"" kata Yorrys.']"
ignore	349	br	span	[]	[]
ignore	350	br	span	[]	[]
ignore	351	br	span	[]	[]
ignore	352	br	span	[]	[]
ignore	353	br	span	[]	[]
ignore	354	br	span	[]	[]
ignore	355	center	span	[]	[]
ignore	356	div	center	[]	[]
ignore	357	br	span	[]	[]
ignore	358	br	span	[]	[]
ignore	359	br	span	[]	[]
ignore	360	br	span	[]	[]
ignore	361	br	span	[]	[]
ignore	362	br	span	[]	[]
ignore	363	table	span	[]	[]
ignore	364	tbody	table	[]	[]
ignore	365	tr	tbody	[]	[]
ignore	366	td	tr	[]	[]
ignore	367	div	td	[]	[]
ignore	368	h5	div	['Lihat juga:']	[]
ignore	369	a	div	['Gerindra Sambut Dukungan KSPI untuk Prabowo']	[]
ignore	370	br	span	[]	[]
ignore	371	br	span	[]	[]
ignore	372	br	span	[]	[]
ignore	373	br	span	[]	[]
ignore	374	br	span	[]	[]
ignore	375	table	span	[]	[]
ignore	376	tbody	table	[]	[]
ignore	377	tr	tbody	[]	[]
ignore	378	td	tr	[]	[]
ignore	379	div	td	[]	[]
ignore	380	h5	div	['Lihat juga:']	[]
ignore	381	a	div	['TKA Terbesar, Investasi China di Bawah Singapura dan Jepang']	[]
ignore	382	b	span	['(ugo/ugo)']	[]
ignore	383	div	div	[u'\n    Bagikan : \xa0\n    ']	[]
ignore	384	a	div	[]	[]
ignore	385	i	a	[]	[]
ignore	386	a	div	[]	[]
ignore	387	i	a	[]	[]
ignore	388	a	div	[]	[]
ignore	389	i	a	[]	[]
ignore	390	div	div	[]	[]
ignore	391	a	div	['tenaga kerja asing']	[]
ignore	392	a	div	['pansus tenaga kerja asing']	[]
ignore	393	a	div	['perpres tenaga kerja asing']	[]
ignore	394	a	div	['pansus angket tenaga kerja asing']	[]
ignore	395	hr	div	[]	[]
ignore	396	div	div	[]	[]
ignore	397	hr	div	[]	[]
ignore	398	div	div	[]	[]
ignore	399	div	div	['\n        ARTIKEL TERKAIT\n    ']	[]
ignore	400	div	div	[]	[]
ignore	401	article	div	[]	[]
ignore	402	a	article	[]	[]
ignore	403	span	a	[]	[]
ignore	404	span	span	[]	[]
ignore	405	img	span	[]	[]
ignore	406	span	a	[]	[]
ignore	407	h2	span	['Pekerja Asing di Balikpapan Diklaim Terus Turun']	[]
ignore	408	span	span	['Nasional']	[]
ignore	409	span	span	['2 minggu yang lalu']	[]
ignore	410	article	div	[]	[]
ignore	411	a	article	[]	[]
ignore	412	span	a	[]	[]
ignore	413	span	span	[]	[]
ignore	414	img	span	[]	[]
ignore	415	span	a	[]	[]
ignore	416	h2	span	['Moeldoko Tegaskan Perpres TKA untuk Lindungi Pekerja Lokal']	[]
ignore	417	span	span	['Nasional']	[]
ignore	418	span	span	['2 minggu yang lalu']	[]
ignore	419	article	div	[]	[]
ignore	420	a	article	[]	[]
ignore	421	span	a	[]	[]
ignore	422	span	span	[]	[]
ignore	423	img	span	[]	[]
ignore	424	span	a	[]	[]
ignore	425	h2	span	['KSP Nilai Usulan Pembentukan Pansus TKA Bermuatan Politis']	[]
ignore	426	span	span	['Nasional']	[]
ignore	427	span	span	['3 minggu yang lalu']	[]
ignore	428	article	div	[]	[]
ignore	429	a	article	[]	[]
ignore	430	span	a	[]	[]
ignore	431	span	span	[]	[]
ignore	432	img	span	[]	[]
ignore	433	span	a	[]	[]
ignore	434	h2	span	['Menaker Minta Perpres TKA Tidak Dipolitisasi Jelang Pilpres']	[]
ignore	435	span	span	['Nasional']	[]
ignore	436	span	span	['3 minggu yang lalu']	[]
ignore	437	article	div	[]	[]
ignore	438	a	article	[]	[]
ignore	439	span	a	[]	[]
ignore	440	span	span	[]	[]
ignore	441	img	span	[]	[]
ignore	442	span	a	[]	[]
ignore	443	h2	span	['Luhut Tantang Penyebar Isu Banjir TKA Ilegal Serahkan Data']	[]
ignore	444	span	span	['Nasional']	[]
ignore	445	span	span	['1 tahun yang lalu']	[]
ignore	446	article	div	[]	[]
ignore	447	a	article	[]	[]
ignore	448	span	a	[]	[]
ignore	449	span	span	[]	[]
ignore	450	img	span	[]	[]
ignore	451	span	a	[]	[]
ignore	452	h2	span	['Tenaga Kerja Asing Wajib Jadi Peserta BPJS']	[]
ignore	453	span	span	['Nasional']	[]
ignore	454	span	span	['2 tahun yang lalu']	[]
ignore	455	div	div	[]	[]
ignore	456	div	div	['\n        BACA JUGA\n    ']	[]
ignore	457	div	div	[]	[]
ignore	458	article	div	[]	[]
ignore	459	a	article	[]	[]
ignore	460	span	a	[]	[]
ignore	461	span	span	[]	[]
ignore	462	img	span	[]	[]
ignore	463	h2	a	['PUPR Klaim Jumlah TKA Sektor Konstruksi Hanya 2 Ribu']	[]
ignore	464	span	a	['Ekonomi']	[]
ignore	465	span	a	[u' \u2022 03 May 2018 13:54']	[]
ignore	466	article	div	[]	[]
ignore	467	a	article	[]	[]
ignore	468	span	a	[]	[]
ignore	469	span	span	[]	[]
ignore	470	img	span	[]	[]
ignore	471	h2	a	['TKA China Bakal Dampingi Pekerja Lokal di Proyek Kereta Cepat']	[]
ignore	472	span	a	['Ekonomi']	[]
ignore	473	span	a	[u' \u2022 02 May 2018 18:57']	[]
ignore	474	article	div	[]	[]
ignore	475	a	article	[]	[]
ignore	476	span	a	[]	[]
ignore	477	span	span	[]	[]
ignore	478	img	span	[]	[]
ignore	479	h2	a	['Momok Perpres Tenaga Kerja Asing Akibat Pengawasan Loyo']	[]
ignore	480	span	a	['Ekonomi']	[]
ignore	481	span	a	[u' \u2022 01 May 2018 10:08']	[]
ignore	482	article	div	[]	[]
ignore	483	a	article	[]	[]
ignore	484	span	a	[]	[]
ignore	485	span	span	[]	[]
ignore	486	img	span	[]	[]
ignore	487	h2	a	['BKPM Sebut Indonesia Butuh TKA Asal India dan Filipina']	[]
ignore	488	span	a	['Ekonomi']	[]
ignore	489	span	a	[u' \u2022 30 April 2018 19:10']	[]
ignore	490	div	div	[]	[]
ignore	491	div	div	['\n        BERITA TERBARU\n    ']	[]
ignore	492	div	div	[]	[]
ignore	493	article	div	[]	[]
ignore	494	a	article	[]	[]
ignore	495	span	a	[]	[]
ignore	496	span	span	[]	[]
ignore	497	img	span	[]	[]
ignore	498	span	a	[]	[]
ignore	499	span	span	[]	[]
ignore	500	h2	span	['Bui Seumur Hidup Dianggap Lebih Pantas Buat Aman Abdurrahman']	[]
ignore	501	span	span	['Nasional']	[]
ignore	502	span	span	[u' \u2022 1 jam yang lalu']	[]
ignore	503	article	div	[]	[]
ignore	504	a	article	[]	[]
ignore	505	span	a	[]	[]
ignore	506	span	span	[]	[]
ignore	507	img	span	[]	[]
ignore	508	span	a	[]	[]
ignore	509	span	span	[]	[]
ignore	510	h2	span	['Polri Jamin Alquran Tidak Jadi Barang Bukti Kasus Terorisme']	[]
ignore	511	span	span	['Nasional']	[]
ignore	512	span	span	[u' \u2022 2 jam yang lalu']	[]
ignore	513	article	div	[]	[]
ignore	514	a	article	[]	[]
ignore	515	span	a	[]	[]
ignore	516	span	span	[]	[]
ignore	517	img	span	[]	[]
ignore	518	span	a	[]	[]
ignore	519	span	span	[]	[]
ignore	520	h2	span	['DPR Yakin RUU Terorisme Selesai Pekan Depan']	[]
ignore	521	span	span	['Nasional']	[]
ignore	522	span	span	[u' \u2022 2 jam yang lalu']	[]
ignore	523	article	div	[]	[]
ignore	524	a	article	[]	[]
ignore	525	span	a	[]	[]
ignore	526	span	span	[]	[]
ignore	527	img	span	[]	[]
ignore	528	span	a	[]	[]
ignore	529	span	span	[]	[]
ignore	530	h2	span	['Memperkirakan Nasib JAD Bila Aman Abdurrahman Divonis Mati']	[]
ignore	531	span	span	['Nasional']	[]
ignore	532	span	span	[u' \u2022 3 jam yang lalu']	[]
ignore	533	article	div	[]	[]
ignore	534	a	article	[]	[]
ignore	535	span	a	[]	[]
ignore	536	span	span	[]	[]
ignore	537	img	span	[]	[]
ignore	538	span	a	[]	[]
ignore	539	span	span	[]	[]
ignore	540	h2	span	['Aparat Harus Waspada Saat Usut Korporasi Cuci Uang Korupsi']	[]
ignore	541	span	span	['Nasional']	[]
ignore	542	span	span	[u' \u2022 3 jam yang lalu']	[]
ignore	543	hr	div	[]	[]
ignore	544	div	div	[]	[]
ignore	545	a	div	['INDEKS BERITA']	[]
ignore	546	div	div	[]	[]
ignore	547	div	div	[]	[]
ignore	548	div	div	[]	[]
ignore	549	div	div	[]	[]
ignore	550	div	div	[]	[]
ignore	551	div	div	[]	[]
ignore	552	div	div	['\n        TERPOPULER\n    ']	[]
ignore	553	div	div	[]	[]
ignore	554	article	div	[]	[]
ignore	555	a	article	[]	[]
ignore	556	span	a	[]	[]
ignore	557	span	span	[]	[]
ignore	558	img	span	[]	[]
ignore	559	span	a	[]	[]
ignore	560	h2	span	['Muhammadiyah Sebut Daftar Mubalig Kemenag Bikin Pecah Ulama']	[]
ignore	561	span	span	['Nasional']	[]
ignore	562	span	span	[u' \u2022 4 jam yang lalu']	[]
ignore	563	article	div	[]	[]
ignore	564	a	article	[]	[]
ignore	565	span	a	[]	[]
ignore	566	span	span	[]	[]
ignore	567	img	span	[]	[]
ignore	568	span	a	[]	[]
ignore	569	h2	span	['Gubernur Papua Sebut Bendera yang Berkibar Bukan Israel']	[]
ignore	570	span	span	['Nasional']	[]
ignore	571	span	span	['4 jam yang lalu']	[]
ignore	572	article	div	[]	[]
ignore	573	a	article	[]	[]
ignore	574	span	a	[]	[]
ignore	575	span	span	[]	[]
ignore	576	img	span	[]	[]
ignore	577	span	a	[]	[]
ignore	578	h2	span	['Menantu Hatta Rajasa Tutup Usia di Tokyo']	[]
ignore	579	span	span	['Nasional']	[]
ignore	580	span	span	['7 jam yang lalu']	[]
ignore	581	article	div	[]	[]
ignore	582	a	article	[]	[]
ignore	583	span	a	[]	[]
ignore	584	span	span	[]	[]
ignore	585	img	span	[]	[]
ignore	586	span	a	[]	[]
ignore	587	h2	span	['Kemenag Pastikan Daftar Mubalig Rujukan Bertambah']	[]
ignore	588	span	span	['Nasional']	[]
ignore	589	span	span	['5 jam yang lalu']	[]
ignore	590	div	div	[]	[]
ignore	591	footer	body	[]	[]
ignore	592	div	footer	[]	[]
ignore	593	div	div	[]	[]
ignore	594	a	div	[]	[]
ignore	595	span	a	[]	[]
ignore	596	div	div	[]	[]
ignore	597	a	div	[]	[]
ignore	598	img	a	[]	[]
ignore	599	div	footer	[]	[]
ignore	600	div	div	[]	[]
ignore	601	div	div	[]	[]
ignore	602	div	div	[]	[]
ignore	603	div	div	[]	[]
ignore	604	div	div	[]	[]
ignore	605	div	div	[]	[]
ignore	606	div	div	['Menyajikan berita terhangat langsung melalui handphone Anda']	[]
ignore	607	a	div	['DOWNLOAD SEKARANG']	[]
ignore	608	br	div	[]	[]
ignore	609	br	div	[]	[]
ignore	610	div	div	[]	[]
ignore	611	div	div	[]	[]
ignore	612	div	div	['TELUSURI']	[]
ignore	613	ul	div	[]	[]
ignore	614	li	ul	[]	[]
ignore	615	a	li	['Nasional']	[]
ignore	616	li	ul	[]	[]
ignore	617	a	li	['Internasional']	[]
ignore	618	li	ul	[]	[]
ignore	619	a	li	['Ekonomi']	[]
ignore	620	li	ul	[]	[]
ignore	621	a	li	['Olahraga']	[]
ignore	622	li	ul	[]	[]
ignore	623	a	li	['Teknologi']	[]
ignore	624	li	ul	[]	[]
ignore	625	a	li	['Hiburan']	[]
ignore	626	li	ul	[]	[]
ignore	627	a	li	['Gaya Hidup']	[]
ignore	628	a	div	['CNN TV']	[]
ignore	629	div	div	[]	[]
ignore	630	div	div	[]	[]
ignore	631	div	div	['IKUTI KAMI']	[]
ignore	632	div	div	[]	[]
ignore	633	a	div	[]	[]
ignore	634	i	a	[]	[]
ignore	635	a	div	[]	[]
ignore	636	i	a	[]	[]
ignore	637	a	div	[]	[]
ignore	638	i	a	[]	[]
ignore	639	a	div	[]	[]
ignore	640	i	a	[]	[]
ignore	641	div	footer	[u'\n\n        \xa9 2018 Trans Media, CNN name, logo and all associated elements (R) and \xa9 2018 Cable News Network, Inc. A Time Warner Company. All rights reserved. CNN and the CNN logo are registered marks of Cable News Network, Inc., displayed with permission. ', ' |\n        ', ' |\n        ', ' |\n        ', ' |\n        ', ' | ', ' | ', ' | ', ' | ', ' | ', ' | ', ' | ']	['|', '|', '|', '|', '|', '|', '|', '|', '|', '|', '|']
ignore	642	br	div	[]	[]
ignore	643	a	div	['Tentang Kami']	[]
ignore	644	a	div	['Redaksi']	[]
ignore	645	a	div	['Pedoman Media Siber']	[]
ignore	646	a	div	['Karir']	[]
ignore	647	a	div	['Disclaimer']	[]
ignore	648	br	div	[]	[]
ignore	649	a	div	['CNN U.S.']	[]
ignore	650	a	div	['CNN International']	[]
ignore	651	a	div	[u'CNN en ESPA\xd1OL']	[]
ignore	652	a	div	['CNN Chile']	[]
ignore	653	a	div	[u'CNN M\xe9xico']	[]
ignore	654	a	div	[u'\u0627\u0644\u0639\u0631\u0628\u064a\u0629']	[]
ignore	655	a	div	[u'\u65e5\u672c\u8a9e']	[]
ignore	656	a	div	[u'T\xfcrk\xe7e']	[]
ignore	657	noscript	body	[]	[]
ignore	658	img	noscript	[]	[]
